,coefficient,pct_price_effect,p_value,ci_low_pct,ci_high_pct
Intercept,12.76138994952589,34849775.94618043,1.0334821808834996e-59,15823320.026319314,76754094.1908922
C(suburb)[T.Arlington],-0.8592979563983764,-57.65407351445666,0.04743397510791038,-81.89001420804263,-0.9840476674813914
C(suburb)[T.Ashbrittle],-0.619481130626324,-46.177636708523174,0.26557368771323364,-82.02499488183551,61.159719913088
C(suburb)[T.Ashdown Park],-1.1028766865170303,-66.80851060717963,0.04875250552431921,-88.91544118651824,-0.6117440800820662
C(suburb)[T.Aspindale Park],-1.3871453093957566,-75.02126465805144,0.002758380049367961,-89.82638496757282,-38.67104099237242
C(suburb)[T.Athlone],-0.6926018352211144,-49.97272529666825,0.22782212266665766,-83.86230331813088,55.08583805856626
C(suburb)[T.Avondale],-0.1292890219865735,-12.128004054764418,0.8158604995651366,-70.66369498203703,163.20586954190514
C(suburb)[T.Avondale West],-0.6402305367833621,-47.2829122245298,0.147167027365045,-77.88937017232276,25.690284048257595
C(suburb)[T.Bloomingdale],-1.0426807922780936,-64.74915876803914,0.06262839475102658,-88.24877826740773,5.7440524770690615
C(suburb)[T.Bluff Hill],-0.8534822194090033,-57.407083224320374,0.07837352817047487,-83.55826985750556,10.33854367741971
C(suburb)[T.Borrowdale],-0.39392639919982564,-32.55963089348567,0.36112380446870695,-71.20184933533012,57.933870066271886
C(suburb)[T.Borrowdale Brooke],0.6183705893806056,85.59015511219363,0.1616118978487283,-22.20186354263468,342.73175737883923
C(suburb)[T.Borrowdale West],-0.2814407788158807,-24.530439168053242,0.612386238861066,-74.80615232778622,126.0732336827072
C(suburb)[T.Brookview],-0.24672829259343573,-21.86470359201881,0.6087315475163617,-69.84231635247784,102.44010170405411
C(suburb)[T.Budiriro],-1.6044149279021565,-79.89928758265478,0.00453800355530931,-93.295224580728,-39.738676626891845
C(suburb)[T.Carrick Creagh],-0.6909062576196116,-49.887828215762454,0.11971035901182588,-79.06725287316388,19.966564623211692
C(suburb)[T.Charlotte Brooke],-2.0811480958802346,-87.52131373580958,3.1379338286223726e-05,-95.18078761372716,-67.68816179929229
C(suburb)[T.Chisipite],-0.014782946673884741,-1.467421536680269,0.9754617517418563,-61.88506907641539,154.72088715298625
C(suburb)[T.Chitungwiza],-2.6274309171034926,-92.77361241471978,6.331144202100362e-08,-97.06303854954824,-82.21948826578587
C(suburb)[T.Cold Comfort],-2.6458688027304484,-92.90563091152615,5.3034333552865215e-06,-97.63360867555156,-78.73129763302175
C(suburb)[T.Colne Valley],0.060616768363610476,6.249165573913973,0.9131636937367089,-64.57924782327105,218.7082286911361
C(suburb)[T.Dawnview Park],-1.4529868184090975,-76.61292854911976,0.00992775767730225,-92.19825193736986,-29.893261528341807
C(suburb)[T.Dzivarasekwa],-2.1479065960593418,-88.32717384168026,0.00018466076571594877,-96.11974632518564,-64.8850611477426
C(suburb)[T.Eastlea],-0.49556656607844896,-39.0774357085395,0.372886464874682,-79.66353166164429,82.5075415305484
C(suburb)[T.Fairview],-1.2058789209359717,-70.05712903370389,0.00898242233044687,-87.81138259214914,-26.441573174102405
C(suburb)[T.Glaudina],-1.6683782764547481,-81.14474019850203,0.0007214288741564283,-92.71727445903035,-51.18299870261893
C(suburb)[T.Glen Lorne],-0.06141923844044799,-5.957110682336864,0.8865329803420458,-59.82831031502569,120.15666008995996
C(suburb)[T.Glen Norah],-1.9096237213360543,-85.18638834301703,0.00012826337264257954,-94.29709936527954,-61.520793648781805
C(suburb)[T.Glen View],-2.080671382100115,-87.51536355595597,0.00028853721026219324,-95.85409561812183,-62.40478969528418
C(suburb)[T.Gletwin Park],-0.24692510944095422,-21.880080421478564,0.5759588599965895,-67.33365603776534,86.81986089444138
C(suburb)[T.Goodhope],-1.0955990353731737,-66.56607340980045,0.024101832447074856,-87.06309039639252,-13.593935376409739
C(suburb)[T.Granary Park],-2.6616602553796085,-93.01678138158047,1.8187082360199782e-07,-97.29934871958673,-81.94311771152518
C(suburb)[T.Greengrove],-0.35374032701922375,-29.794275101391765,0.4627010115831629,-72.86979005357436,81.6736331297144
C(suburb)[T.Greystone Park],-0.17403915874775416,-15.973600667157218,0.7001216053450663,-65.58723178668038,105.16907390523693
C(suburb)[T.Gunhill],0.04357662888718163,4.454003318570177,0.9374375891832853,-65.13088087690329,212.90262225319157
C(suburb)[T.Hatcliffe],-2.2124631395443175,-89.05692269829325,0.00012073980984746693,-96.36248608570475,-67.07890508390521
C(suburb)[T.Hatfield],-0.8626334108255731,-57.79508112946095,0.0513749115693762,-82.2804337061822,0.5247615733261712
C(suburb)[T.Haydon Park],-1.3768166612873625,-74.76193111354188,0.004867398042142924,-90.23896438230933,-34.74461665079935
C(suburb)[T.Helensvale],-0.2546003121535411,-22.477371542781587,0.5981352454392193,-70.13898456870396,101.25765437358045
C(suburb)[T.Highfield],-2.136634936544597,-88.19485740765327,0.00019184314720831856,-96.06481383389448,-64.58581989691265
C(suburb)[T.Highlands],-0.005336831258036228,-0.5322615674065001,0.989970585796506,-57.01658223566298,130.17785703173354
C(suburb)[T.Hillside],-0.7682717276799339,-53.61860271277423,0.11222622713822775,-82.07614229949355,20.020703704576405
C(suburb)[T.Hogerty Hill],-0.6176533976657513,-46.07917384662086,0.20095414103760373,-79.1701561264464,39.58124269737606
C(suburb)[T.Knowe],-1.615735220852245,-80.12555043854307,0.00420626388110389,-93.3580421320903,-40.53052530199136
C(suburb)[T.Kuwadzana],-2.043546327581186,-87.04315968419068,0.00036491784268726575,-95.69712210330445,-60.984319099943065
C(suburb)[T.Mabelreign],-0.9349942609802929,-60.74118814039975,0.04129107636259958,-83.99740074971109,-3.6872520194077607
C(suburb)[T.Mabvazuva],-1.2991820270638486,-72.72451921374324,0.002688845013338006,-88.2131222212101,-36.88304349263891
C(suburb)[T.Madokero],-1.127470896724755,-67.61487251203651,0.009859296858234924,-86.17296190320445,-24.148868682533788
C(suburb)[T.Mainway Meadows],-1.236944566494937,-70.97302356504665,0.007287234440230937,-88.16215818544453,-28.824411226770795
C(suburb)[T.Manyame Park],-2.2973116662333943,-89.94712644250711,1.6051665189519473e-06,-95.91275762901283,-75.27421728637759
C(suburb)[T.Marlborough],-0.5862328028040882,-44.35805166848442,0.2921382949071344,-81.42528020471951,66.6795756947944
C(suburb)[T.Monavale],-0.9543740677603498,-61.494691372080624,0.08770400659305437,-87.1516854335344,15.397142937416541
C(suburb)[T.Mount Pleasant],0.1107680612688986,11.713576975075046,0.8014415107452495,-53.21289030912588,166.738496201663
C(suburb)[T.Mount Pleasant Heights],-0.37643214278125725,-31.3694313098157,0.37172532679089887,-70.11540768978429,57.611484535058956
C(suburb)[T.Mt Pleasant Heights],-0.7146948428749765,-51.06585849659338,0.11912420800834725,-80.13586982365044,20.546441420646765
C(suburb)[T.New Marlborough],-0.823697308906153,-56.11937507085499,0.13996853096679573,-85.3608199809341,31.531222490914136
C(suburb)[T.Northwood],-0.1665082435589558,-15.338416222089846,0.7643862330821429,-71.75225195612127,153.7400063414014
C(suburb)[T.Norton],-1.6619260226646237,-81.02268794435972,0.0002340586264932296,-92.02488733754655,-54.842221282632345
C(suburb)[T.Nyeredzi Ridge],-0.685303345018444,-49.60626604947694,0.22013872316831234,-83.24139972264169,51.53583112231199
C(suburb)[T.Old Windsor],-1.0860285324861205,-66.24455784008441,0.02546419149410428,-86.94962599495562,-12.689868124010717
C(suburb)[T.Parktown],-1.4480963928735302,-76.49827569557844,0.003168688288441808,-90.9267824886692,-39.12511800898879
C(suburb)[T.Philadelphia],-1.0328617184894244,-64.4013232401989,0.03566806543491659,-86.40331151642913,-6.795997526893238
C(suburb)[T.Pomona],-0.022142739790923696,-2.189938879023834,0.9579821662073256,-57.373761356562206,124.43472285964594
C(suburb)[T.Quinnington],-0.27107097671351404,-23.743762968665227,0.5509039426743697,-68.91959676325766,87.09582504080164
C(suburb)[T.Rainham],-1.5341712874953293,-78.43656840006909,0.006563019986268742,-92.8060001731221,-35.36536091818407
C(suburb)[T.Riverside Park],-1.7925100409718568,-83.34583816892152,0.001578862591087173,-94.44061913253825,-50.10935337798035
C(suburb)[T.Rockview],-1.527627970038088,-78.29500939395568,0.0010089071884498795,-91.14850794639699,-46.77658700301175
C(suburb)[T.Rolf Valley],0.009815463273971536,0.9863792930176807,0.9837224166235687,-60.97365992861796,161.31706903747275
C(suburb)[T.Ruwa],0.2764649144653373,31.84606930078939,0.6191321260306998,-56.048406721353864,295.5120780232163
C(suburb)[T.Rydale Ridge],-0.9972409661967017,-63.110416552784486,0.07518965556639173,-87.72168133811917,10.832875769378258
C(suburb)[T.Rydale Ridge Park],-1.9552117440902181,-85.84654955738536,0.0005958907184904636,-95.27477744091698,-57.606195914204065
C(suburb)[T.Sandton Park],-1.055474696259615,-65.19728191126394,0.015293732028460955,-85.11283941015452,-18.639341662626062
C(suburb)[T.Sentosa],-0.7548697360859421,-52.99281558592337,0.1185211675874174,-81.83250613471282,21.6279693238844
C(suburb)[T.Shawasha Hills],-0.4666960929387227,-37.292936734947325,0.4220266727454747,-80.08700993927602,97.46787254632703
C(suburb)[T.Springvale],-1.5314355449663475,-78.37749563607713,0.0066094269829395005,-92.77917248032752,-35.25220015377537
C(suburb)[T.St. Marys],-2.9565754587362005,-94.80033226072898,5.115640024681265e-07,-98.27116572205736,-84.36140181637883
C(suburb)[T.Stoneridge],-2.6478261075518157,-92.91950317379589,5.205574095318193e-06,-97.63771993364732,-78.77752260624563
C(suburb)[T.Sunningdale],-1.7381549716599605,-82.41554603386992,0.0021697951891919563,-94.13409000157668,-47.2864361420375
C(suburb)[T.Sunridge],-0.7895528698412768,-54.5952231647985,0.10402621408848735,-82.5170496148379,17.92024309604734
C(suburb)[T.Tynwald],-1.1968251861754315,-69.78480329973578,0.006247504472064803,-87.09994230319103,-29.22836989624542
C(suburb)[T.Vainona],-0.06394841191713206,-6.194660934143215,0.9082626013708748,-68.67157066467445,180.87720399497385
C(suburb)[T.Warren Park],-1.841742133899849,-84.14590142470139,8.814798905861109e-05,-93.54003491371998,-61.09074301823707
C(suburb)[T.Waterfalls],-1.7382698902054612,-82.41756669763504,0.00012908128829599474,-92.62861075681069,-58.061913347237805
C(suburb)[T.Westgate],-0.7231432369252137,-51.477531968061705,0.1013162722446316,-79.61392879275284,15.492086727995137
C(suburb)[T.Westlea],-1.0664849391294342,-65.57836652313053,0.056721684111401875,-88.51329954031455,3.1496255495103043
C(suburb)[T.Whitecliff],-1.5453923678551558,-78.67718090806716,0.006111387395061777,-92.87377501339932,-36.198672525468844
C(suburb)[T.Zimre Park],-1.5689316685006631,-79.17324376547599,0.0003952889405229319,-91.11275071763563,-51.19369768179962
bedrooms,-0.001957304821316331,-0.19553905493761015,0.86314049080183,-2.4100174504050886,2.069189524369164
bathrooms,0.08953954656176465,9.367058336842504,0.0005019962273258329,4.081264035633692,14.921293088439436
land_area_m2,7.393880002724292e-05,0.007394153356776734,2.0001755497009347e-13,0.005630980567872257,0.009157357231703855
